t,node,n_routes,max_hops,reaches_dst
2.0,N1,0,0,0
2.0,N2,0,0,0
2.0,N3,0,0,0
2.0,N4,0,0,0
2.0,N5,0,0,0
2.0,N6,0,0,0
3.0,N1,3,1,0
3.0,N2,2,1,0
3.0,N3,3,1,1
3.0,N4,3,1,1
3.0,N5,3,1,0
3.0,N6,2,1,1
4.0,N1,3,1,0
4.0,N2,2,1,0
4.0,N3,3,1,1
4.0,N4,3,1,1
4.0,N5,3,1,0
4.0,N6,2,1,1
5.0,N1,5,2,1
5.0,N2,4,2,1
5.0,N3,5,2,1
5.0,N4,5,2,1
5.0,N5,5,2,0
5.0,N6,4,2,1
6.0,N1,5,2,1
6.0,N2,4,2,1
6.0,N3,5,2,1
6.0,N4,5,2,1
6.0,N5,5,2,0
6.0,N6,4,2,1
7.0,N1,5,2,1
7.0,N2,4,2,1
7.0,N3,5,2,1
7.0,N4,5,2,1
7.0,N5,5,2,0
7.0,N6,4,2,1
8.0,N1,5,2,1
8.0,N2,4,2,1
8.0,N3,5,2,1
8.0,N4,5,2,1
8.0,N5,5,2,0
8.0,N6,4,2,1
9.0,N1,5,2,1
9.0,N2,4,2,1
9.0,N3,5,2,1
9.0,N4,5,2,1
9.0,N5,5,2,0
9.0,N6,4,2,1
10.0,N1,5,2,1
10.0,N2,4,2,1
10.0,N3,5,2,1
10.0,N4,5,2,1
10.0,N5,5,2,0
10.0,N6,4,2,1
11.0,N1,5,2,1
11.0,N2,5,3,1
11.0,N3,5,2,1
11.0,N4,5,2,1
11.0,N5,5,2,0
11.0,N6,5,3,1
12.0,N1,5,2,1
12.0,N2,5,3,1
12.0,N3,5,2,1
12.0,N4,5,2,1
12.0,N5,5,2,0
12.0,N6,5,3,1
13.0,N1,5,2,1
13.0,N2,5,3,1
13.0,N3,5,2,1
13.0,N4,5,2,1
13.0,N5,5,2,0
13.0,N6,5,3,1
14.0,N1,5,2,1
14.0,N2,5,3,1
14.0,N3,5,2,1
14.0,N4,5,2,1
14.0,N5,5,2,0
14.0,N6,5,3,1
15.0,N1,5,2,1
15.0,N2,5,3,1
15.0,N3,5,2,1
15.0,N4,5,2,1
15.0,N5,5,2,0
15.0,N6,5,3,1
16.0,N1,5,2,1
16.0,N2,5,3,1
16.0,N3,5,2,1
16.0,N4,5,2,1
16.0,N5,5,2,0
16.0,N6,5,3,1
17.0,N1,5,2,1
17.0,N2,5,3,1
17.0,N3,5,2,1
17.0,N4,5,2,1
17.0,N5,5,2,0
17.0,N6,5,3,1
18.0,N1,5,2,1
18.0,N2,5,3,1
18.0,N3,5,2,1
18.0,N4,5,2,1
18.0,N5,5,2,0
18.0,N6,5,3,1
19.0,N1,5,2,1
19.0,N2,5,3,1
19.0,N3,5,2,1
19.0,N4,5,2,1
19.0,N5,5,2,0
19.0,N6,5,3,1
20.0,N1,5,2,1
20.0,N2,5,3,1
20.0,N3,5,2,1
20.0,N4,5,2,1
20.0,N5,5,2,0
20.0,N6,5,3,1
21.0,N1,5,2,1
21.0,N2,5,3,1
21.0,N3,5,2,1
21.0,N4,5,2,1
21.0,N5,5,2,0
21.0,N6,5,3,1
22.0,N1,5,2,1
22.0,N2,5,3,1
22.0,N3,5,2,1
22.0,N4,5,2,1
22.0,N5,5,2,0
22.0,N6,5,3,1
23.0,N1,5,2,1
23.0,N2,5,3,1
23.0,N3,5,2,1
23.0,N4,5,2,1
23.0,N5,5,2,0
23.0,N6,5,3,1
24.0,N1,5,2,1
24.0,N2,5,3,1
24.0,N3,5,2,1
24.0,N4,5,2,1
24.0,N5,5,2,0
24.0,N6,5,3,1
25.0,N1,0,0,0
25.0,N2,5,3,1
25.0,N3,4,3,0
25.0,N4,5,4,1
25.0,N5,0,0,0
25.0,N6,6,3,1
26.0,N1,0,0,0
26.0,N2,5,3,1
26.0,N3,4,3,0
26.0,N4,5,4,1
26.0,N5,0,0,0
26.0,N6,6,3,1
27.0,N1,0,0,0
27.0,N2,5,3,1
27.0,N3,4,3,0
27.0,N4,5,4,1
27.0,N5,0,0,0
27.0,N6,6,3,1
28.0,N1,0,0,0
28.0,N2,5,3,1
28.0,N3,4,3,0
28.0,N4,5,4,1
28.0,N5,0,0,0
28.0,N6,6,3,1
29.0,N1,1,1,0
29.0,N2,0,0,0
29.0,N3,4,4,0
29.0,N4,0,0,0
29.0,N5,1,1,0
29.0,N6,0,0,0
30.0,N1,1,1,0
30.0,N2,0,0,0
30.0,N3,4,4,0
30.0,N4,0,0,0
30.0,N5,1,1,0
30.0,N6,0,0,0
31.0,N1,1,1,0
31.0,N2,0,0,0
31.0,N3,2,2,0
31.0,N4,0,0,0
31.0,N5,1,1,0
31.0,N6,0,0,0
32.0,N1,1,1,0
32.0,N2,0,0,0
32.0,N3,2,2,0
32.0,N4,0,0,0
32.0,N5,1,1,0
32.0,N6,0,0,0
33.0,N1,1,1,0
33.0,N2,0,0,0
33.0,N3,2,2,0
33.0,N4,0,0,0
33.0,N5,1,1,0
33.0,N6,0,0,0
34.0,N1,1,1,0
34.0,N2,0,0,0
34.0,N3,2,2,0
34.0,N4,0,0,0
34.0,N5,1,1,0
34.0,N6,0,0,0
35.0,N1,3,1,0
35.0,N2,1,1,0
35.0,N3,4,2,1
35.0,N4,1,1,0
35.0,N5,1,1,0
35.0,N6,2,1,1
36.0,N1,3,1,0
36.0,N2,1,1,0
36.0,N3,4,2,1
36.0,N4,1,1,0
36.0,N5,1,1,0
36.0,N6,2,1,1
37.0,N1,3,1,0
37.0,N2,1,1,0
37.0,N3,4,2,1
37.0,N4,1,1,0
37.0,N5,1,1,0
37.0,N6,2,1,1
38.0,N1,3,1,0
38.0,N2,1,1,0
38.0,N3,4,2,1
38.0,N4,1,1,0
38.0,N5,1,1,0
38.0,N6,2,1,1
39.0,N1,3,1,0
39.0,N2,4,2,1
39.0,N3,4,2,1
39.0,N4,1,1,0
39.0,N5,1,1,0
39.0,N6,2,1,1
40.0,N1,3,1,0
40.0,N2,4,2,1
40.0,N3,4,2,1
40.0,N4,1,1,0
40.0,N5,1,1,0
40.0,N6,2,1,1
41.0,N1,3,2,1
41.0,N2,4,2,1
41.0,N3,3,2,0
41.0,N4,3,2,0
41.0,N5,3,2,0
41.0,N6,1,1,0
42.0,N1,3,2,1
42.0,N2,4,2,1
42.0,N3,3,2,0
42.0,N4,3,2,0
42.0,N5,3,2,0
42.0,N6,1,1,0
43.0,N1,3,2,1
43.0,N2,4,2,1
43.0,N3,3,2,0
43.0,N4,3,2,0
43.0,N5,3,2,0
43.0,N6,1,1,0
44.0,N1,3,2,1
44.0,N2,4,2,1
44.0,N3,3,2,0
44.0,N4,3,2,0
44.0,N5,3,2,0
44.0,N6,1,1,0
45.0,N1,3,1,0
45.0,N2,2,1,0
45.0,N3,3,1,1
45.0,N4,1,1,0
45.0,N5,0,0,0
45.0,N6,0,0,0
46.0,N1,3,1,0
46.0,N2,2,1,0
46.0,N3,3,1,1
46.0,N4,1,1,0
46.0,N5,0,0,0
46.0,N6,0,0,0
47.0,N1,3,1,0
47.0,N2,2,1,0
47.0,N3,3,1,1
47.0,N4,1,1,0
47.0,N5,0,0,0
47.0,N6,0,0,0
48.0,N1,3,1,0
48.0,N2,2,1,0
48.0,N3,3,1,1
48.0,N4,1,1,0
48.0,N5,0,0,0
48.0,N6,0,0,0
49.0,N1,3,1,0
49.0,N2,2,1,0
49.0,N3,3,1,1
49.0,N4,1,1,0
49.0,N5,0,0,0
49.0,N6,0,0,0
50.0,N1,3,1,0
50.0,N2,2,1,0
50.0,N3,3,1,1
50.0,N4,1,1,0
50.0,N5,0,0,0
50.0,N6,0,0,0
51.0,N1,5,2,1
51.0,N2,4,2,1
51.0,N3,4,2,1
51.0,N4,5,2,1
51.0,N5,5,2,0
51.0,N6,2,1,1
52.0,N1,5,2,1
52.0,N2,4,2,1
52.0,N3,4,2,1
52.0,N4,5,2,1
52.0,N5,5,2,0
52.0,N6,2,1,1
53.0,N1,5,2,1
53.0,N2,4,2,1
53.0,N3,4,2,1
53.0,N4,5,2,1
53.0,N5,5,2,0
53.0,N6,2,1,1
54.0,N1,5,2,1
54.0,N2,4,2,1
54.0,N3,4,2,1
54.0,N4,5,2,1
54.0,N5,5,2,0
54.0,N6,2,1,1
55.0,N1,5,2,1
55.0,N2,4,2,1
55.0,N3,4,2,1
55.0,N4,5,2,1
55.0,N5,5,2,0
55.0,N6,4,2,1
56.0,N1,5,2,1
56.0,N2,4,2,1
56.0,N3,4,2,1
56.0,N4,5,2,1
56.0,N5,5,2,0
56.0,N6,4,2,1
57.0,N1,2,2,0
57.0,N2,3,2,0
57.0,N3,3,2,0
57.0,N4,3,2,0
57.0,N5,0,0,0
57.0,N6,4,2,1
58.0,N1,2,2,0
58.0,N2,3,2,0
58.0,N3,3,2,0
58.0,N4,3,2,0
58.0,N5,0,0,0
58.0,N6,4,2,1
59.0,N1,2,2,0
59.0,N2,3,2,0
59.0,N3,3,2,0
59.0,N4,3,2,0
59.0,N5,0,0,0
59.0,N6,4,2,1
